{
  "tasks": {
    "pretzel": {
      "accuracy": 0.7,
      "TPR": 1.0,
      "TNR": 0.4,
      "TWA": 0.7132867132867133,
      "episodes": 20,
      "TP": 10,
      "TN": 4,
      "FP": 6,
      "FN": 0,
      "total_steps": 1144,
      "correct_steps": 816,
      "aggregation": "max",
      "task": "pretzel",
      "threshold": 0.1418488472700119,
      "window_size": 32,
      "stride": 4,
      "num_windows": 141
    },
    "push_chair": {
      "accuracy": 1.0,
      "TPR": 1.0,
      "TNR": 1.0,
      "TWA": 1.0,
      "episodes": 20,
      "TP": 10,
      "TN": 10,
      "FP": 0,
      "FN": 0,
      "total_steps": 193,
      "correct_steps": 193,
      "aggregation": "max",
      "task": "push_chair",
      "threshold": 0.378217488527298,
      "window_size": 32,
      "stride": 4,
      "num_windows": 20
    },
    "push_t": {
      "accuracy": 0.5666666666666667,
      "TPR": 0.40404040404040403,
      "TNR": 0.8823529411764706,
      "TWA": 0.49608796785789805,
      "episodes": 300,
      "TP": 80,
      "TN": 90,
      "FP": 12,
      "FN": 118,
      "total_steps": 9458,
      "correct_steps": 4692,
      "aggregation": "max",
      "task": "push_t",
      "threshold": 0.13881419599056244,
      "window_size": 32,
      "stride": 4,
      "num_windows": 502
    },
    "sorting": {
      "accuracy": 0.75,
      "TPR": 0.9172413793103448,
      "TNR": 0.6549019607843137,
      "TWA": 0.743306839573311,
      "episodes": 400,
      "TP": 133,
      "TN": 167,
      "FP": 88,
      "FN": 12,
      "total_steps": 19124,
      "correct_steps": 14215,
      "aggregation": "max",
      "task": "sorting",
      "threshold": 0.03940673917531967,
      "window_size": 32,
      "stride": 4,
      "num_windows": 1946
    },
    "stacking": {
      "accuracy": 0.8725,
      "TPR": 0.9257731958762887,
      "TNR": 0.7904761904761904,
      "TWA": 0.879737373426013,
      "episodes": 800,
      "TP": 449,
      "TN": 249,
      "FP": 66,
      "FN": 36,
      "total_steps": 64883,
      "correct_steps": 57080,
      "aggregation": "max",
      "task": "stacking",
      "threshold": 0.07929989695549011,
      "window_size": 32,
      "stride": 4,
      "num_windows": 10507
    }
  },
  "overall": {
    "accuracy": 0.7805194805194805,
    "TPR": 0.8042452830188679,
    "TNR": 0.7514450867052023,
    "TWA": 0.8121769582920192,
    "episodes": 1540,
    "TP": 682,
    "TN": 520,
    "FP": 172,
    "FN": 166,
    "total_steps": 94802,
    "correct_steps": 76996,
    "evaluated_tasks": 5
  }
}