{
  "num_windows": 327,
  "num_episode_scores": 51,
  "episode_max_mean": 0.05267394706606865,
  "episode_max_std": 0.011532370932400227,
  "episode_mean_mean": 0.046588409692049026,
  "episode_mean_std": 0.008456788957118988
}